Year,Month,Day,Entry
2023,January,1,"Attended a virtual seminar, very informative."
2023,January,3,"Solved a problem at work, felt accomplished."
2023,January,4,Read a thought-provoking article.
2023,January,5,"Family dinner, chaotic but heartwarming."
2023,January,7,"Watched the sunset, a perfect end to the day."
2023,January,8,"Crafting session, made something beautiful."
2023,January,11,"Rainy day, stayed in and watched movies."
2023,January,12,Coffee with friends. Much needed catch-up.
2023,January,13,"Long walk in the park, refreshing."
2023,January,14,"Went for a run, it's been refreshing."
2023,January,17,Completed a challenging puzzle.
2023,January,20,Cooking experiment turned out great.
2023,January,23,Saw the most beautiful sunrise today. Felt grateful.
2023,January,26,"Gardening, my plants are thriving."
2023,February,1,"Yoga in the morning, started the day right."
2023,February,3,"Had a long day at work, but ended with a good dinner."
2023,February,4,Work project is finally coming together.
2023,February,7,"Book club was enlightening, love the discussion."
2023,February,9,"Tried a new restaurant, delicious."
2023,February,10,"Started a new book, seems promising."
2023,February,11,"Explored the new museum exhibit, truly inspiring."
2023,February,14,"Had a minor setback, but staying positive."
2023,February,16,"Day trip to the countryside, breathtaking views."
2023,February,19,"Organized my workspace, feels refreshing."
2023,February,22,"Movie night, watched a classic!"
2023,February,25,"Biked around the lake, peaceful."
2023,February,27,"Visited the farmer's market, fresh produce!"
2023,March,1,"Learning a new language, challenging but exciting."
2023,March,2,"Unexpected call from an old friend, made my day."
2023,March,3,"Game night with family, so much fun."
